storeId	type	index	showDesc	fullName	coinId	buyMoney	itemsort	remarks	showName	image	sellMoney	sellByDiscountMoney
wallBlockStore	block	1	wallpaper_base.name	myplugin/wallpaper_base	3	0	1	基础墙纸	wallpaper_base.name	plugin/myplugin/image/wallpaper/wallpaper_3000.png	0	0
wallBlockStore	block	1	wallpaper_001.name	myplugin/wallpaper_001	3	2	2	橡木板	wallpaper_001.name	plugin/myplugin/image/wallpaper/wallpaper_3001.png	0	0
wallBlockStore	block	1	wallpaper_002.name	myplugin/wallpaper_002	3	2	3	合欢木板	wallpaper_002.name	plugin/myplugin/image/wallpaper/wallpaper_3002.png	0	0
wallBlockStore	block	1	wallpaper_003.name	myplugin/wallpaper_003	3	2	4	红木板	wallpaper_003.name	plugin/myplugin/image/wallpaper/wallpaper_3003.png	0	0
wallBlockStore	block	1	wallpaper_004.name	myplugin/wallpaper_004	3	2	5	灰色墙纸	wallpaper_004.name	plugin/myplugin/image/wallpaper/wallpaper_3004.png	0	0
wallBlockStore	block	1	wallpaper_005.name	myplugin/wallpaper_005	3	2	6	粉色墙纸	wallpaper_005.name	plugin/myplugin/image/wallpaper/wallpaper_3005.png	0	0
wallBlockStore	block	1	wallpaper_006.name	myplugin/wallpaper_006	3	2	7	蓝色墙纸	wallpaper_006.name	plugin/myplugin/image/wallpaper/wallpaper_3006.png	0	0
wallBlockStore	block	1	wallpaper_007.name	myplugin/wallpaper_007	3	2	8	绿色墙纸	wallpaper_007.name	plugin/myplugin/image/wallpaper/wallpaper_3007.png	0	0
wallBlockStore	block	1	wallpaper_008.name	myplugin/wallpaper_008	3	2	9	紫色墙纸	wallpaper_008.name	plugin/myplugin/image/wallpaper/wallpaper_3008.png	0	0
wallBlockStore	block	1	wallpaper_009.name	myplugin/wallpaper_009	3	2	10	橙色墙纸	wallpaper_009.name	plugin/myplugin/image/wallpaper/wallpaper_3009.png	0	0
wallBlockStore	block	1	wallpaper_010.name	myplugin/wallpaper_010	3	3	11	红宝石	wallpaper_010.name	plugin/myplugin/image/wallpaper/wallpaper_3010.png	0	0
wallBlockStore	block	1	wallpaper_011.name	myplugin/wallpaper_011	3	3	12	黄金	wallpaper_011.name	plugin/myplugin/image/wallpaper/wallpaper_3011.png	0	0
wallBlockStore	block	1	wallpaper_012.name	myplugin/wallpaper_012	3	3	13	蓝宝石	wallpaper_012.name	plugin/myplugin/image/wallpaper/wallpaper_3012.png	0	0
wallBlockStore	block	1	wallpaper_013.name	myplugin/wallpaper_013	3	3	14	绿宝石	wallpaper_013.name	plugin/myplugin/image/wallpaper/wallpaper_3013.png	0	0
wallBlockStore	block	1	wallpaper_014.name	myplugin/wallpaper_014	3	5	15	白色毛毯	wallpaper_014.name	plugin/myplugin/image/wallpaper/wallpaper_3014.png	0	0
wallBlockStore	block	1	wallpaper_015.name	myplugin/wallpaper_015	3	5	16	粉色毛毯	wallpaper_015.name	plugin/myplugin/image/wallpaper/wallpaper_3015.png	0	0
wallBlockStore	block	1	wallpaper_016.name	myplugin/wallpaper_016	3	5	17	蓝色毛毯	wallpaper_016.name	plugin/myplugin/image/wallpaper/wallpaper_3016.png	0	0
wallBlockStore	block	1	wallpaper_017.name	myplugin/wallpaper_017	3	5	18	绿色毛毯	wallpaper_017.name	plugin/myplugin/image/wallpaper/wallpaper_3017.png	0	0
wallBlockStore	block	1	wallpaper_018.name	myplugin/wallpaper_018	3	5	19	紫色毛毯	wallpaper_018.name	plugin/myplugin/image/wallpaper/wallpaper_3018.png	0	0
wallBlockStore	block	1	wallpaper_019.name	myplugin/wallpaper_019	3	5	20	橙色毛毯	wallpaper_019.name	plugin/myplugin/image/wallpaper/wallpaper_3019.png	0	0
wallBlockStore	block	1	wallpaper_020.name	myplugin/wallpaper_020	3	5	21	砂石	wallpaper_020.name	plugin/myplugin/image/wallpaper/wallpaper_3020.png	0	0
wallBlockStore	block	1	wallpaper_021.name	myplugin/wallpaper_021	3	5	22	石砖	wallpaper_021.name	plugin/myplugin/image/wallpaper/wallpaper_3021.png	0	0
wallBlockStore	block	1	wallpaper_022.name	myplugin/wallpaper_022	3	5	23	红砖	wallpaper_022.name	plugin/myplugin/image/wallpaper/wallpaper_3022.png	0	0
wallBlockStore	block	1	wallpaper_023.name	myplugin/wallpaper_023	3	10	24	宝剑	wallpaper_023.name	plugin/myplugin/image/wallpaper/wallpaper_3023.png	0	0
wallBlockStore	block	1	wallpaper_025.name	myplugin/wallpaper_025	3	10	25	彩虹小马	wallpaper_025.name	plugin/myplugin/image/wallpaper/wallpaper_3025.png	0	0
wallBlockStore	block	1	wallpaper_029.name	myplugin/wallpaper_029	3	15	26	彩虹	wallpaper_029.name	plugin/myplugin/image/wallpaper/wallpaper_3029.png	0	0
wallBlockStore	block	1	wallpaper_032.name	myplugin/wallpaper_032	3	20	27	草莓	wallpaper_032.name	plugin/myplugin/image/wallpaper/wallpaper_3032.png	0	0
wallBlockStore	block	1	wallpaper_036.name	myplugin/wallpaper_036	3	25	28	蝴蝶	wallpaper_036.name	plugin/myplugin/image/wallpaper/wallpaper_3036.png	0	0
wallBlockStore	block	1	wallpaper_040.name	myplugin/wallpaper_040	3	40	29	雪花	wallpaper_040.name	plugin/myplugin/image/wallpaper/wallpaper_3040.png	0	0
wallBlockStore	block	1	wallpaper_042.name	myplugin/wallpaper_042	3	78	30	瓷器	wallpaper_042.name	plugin/myplugin/image/wallpaper/wallpaper_3042.png	0	0
wallBlockStore	block	1	wallpaper_051.name	myplugin/wallpaper_051	3	86	31	熊猫云	wallpaper_051.name	plugin/myplugin/image/wallpaper/wallpaper_3051.png	0	0
wallBlockStore	block	1	wallpaper_060.name	myplugin/wallpaper_060	3	98	32	云彩	wallpaper_060.name	plugin/myplugin/image/wallpaper/wallpaper_3060.png	0	0
wallBlockStore	block	1	wallpaper_069.name	myplugin/wallpaper_069	3	99	33	宝石	wallpaper_069.name	plugin/myplugin/image/wallpaper/wallpaper_3069.png	0	0
wallBlockStore	block	1	wallpaper_078.name	myplugin/wallpaper_078	3	100	34	彩鳞	wallpaper_078.name	plugin/myplugin/image/wallpaper/wallpaper_3078.png	0	0
floorBlockStore	block	1	wallpaper_base.name	myplugin/wallpaper_base	3	0	1	基础墙纸	wallpaper_base.name	plugin/myplugin/image/wallpaper/wallpaper_3000.png	374	374
floorBlockStore	block	1	wallpaper_001.name	myplugin/wallpaper_001	3	2	2	橡木板	wallpaper_001.name	plugin/myplugin/image/wallpaper/wallpaper_3001.png	374	374
floorBlockStore	block	1	wallpaper_002.name	myplugin/wallpaper_002	3	2	3	合欢木板	wallpaper_002.name	plugin/myplugin/image/wallpaper/wallpaper_3002.png	373	373
floorBlockStore	block	1	wallpaper_003.name	myplugin/wallpaper_003	3	2	4	红木板	wallpaper_003.name	plugin/myplugin/image/wallpaper/wallpaper_3003.png	374	374
floorBlockStore	block	1	wallpaper_004.name	myplugin/wallpaper_004	3	2	5	灰色墙纸	wallpaper_004.name	plugin/myplugin/image/wallpaper/wallpaper_3004.png	374	374
floorBlockStore	block	1	wallpaper_005.name	myplugin/wallpaper_005	3	2	6	粉色墙纸	wallpaper_005.name	plugin/myplugin/image/wallpaper/wallpaper_3005.png	375	375
floorBlockStore	block	1	wallpaper_006.name	myplugin/wallpaper_006	3	2	7	蓝色墙纸	wallpaper_006.name	plugin/myplugin/image/wallpaper/wallpaper_3006.png	376	376
floorBlockStore	block	1	wallpaper_007.name	myplugin/wallpaper_007	3	2	8	绿色墙纸	wallpaper_007.name	plugin/myplugin/image/wallpaper/wallpaper_3007.png	377	377
floorBlockStore	block	1	wallpaper_008.name	myplugin/wallpaper_008	3	2	9	紫色墙纸	wallpaper_008.name	plugin/myplugin/image/wallpaper/wallpaper_3008.png	378	378
floorBlockStore	block	1	wallpaper_009.name	myplugin/wallpaper_009	3	2	10	橙色墙纸	wallpaper_009.name	plugin/myplugin/image/wallpaper/wallpaper_3009.png	379	379
floorBlockStore	block	1	wallpaper_010.name	myplugin/wallpaper_010	3	3	11	红宝石	wallpaper_010.name	plugin/myplugin/image/wallpaper/wallpaper_3010.png	380	380
floorBlockStore	block	1	wallpaper_011.name	myplugin/wallpaper_011	3	3	12	黄金	wallpaper_011.name	plugin/myplugin/image/wallpaper/wallpaper_3011.png	381	381
floorBlockStore	block	1	wallpaper_012.name	myplugin/wallpaper_012	3	3	13	蓝宝石	wallpaper_012.name	plugin/myplugin/image/wallpaper/wallpaper_3012.png	382	382
floorBlockStore	block	1	wallpaper_013.name	myplugin/wallpaper_013	3	3	14	绿宝石	wallpaper_013.name	plugin/myplugin/image/wallpaper/wallpaper_3013.png	383	383
floorBlockStore	block	1	wallpaper_014.name	myplugin/wallpaper_014	3	5	15	白色毛毯	wallpaper_014.name	plugin/myplugin/image/wallpaper/wallpaper_3014.png	384	384
floorBlockStore	block	1	wallpaper_015.name	myplugin/wallpaper_015	3	5	16	粉色毛毯	wallpaper_015.name	plugin/myplugin/image/wallpaper/wallpaper_3015.png	385	385
floorBlockStore	block	1	wallpaper_016.name	myplugin/wallpaper_016	3	5	17	蓝色毛毯	wallpaper_016.name	plugin/myplugin/image/wallpaper/wallpaper_3016.png	386	386
floorBlockStore	block	1	wallpaper_017.name	myplugin/wallpaper_017	3	5	18	绿色毛毯	wallpaper_017.name	plugin/myplugin/image/wallpaper/wallpaper_3017.png	387	387
floorBlockStore	block	1	wallpaper_018.name	myplugin/wallpaper_018	3	5	19	紫色毛毯	wallpaper_018.name	plugin/myplugin/image/wallpaper/wallpaper_3018.png	388	388
floorBlockStore	block	1	wallpaper_019.name	myplugin/wallpaper_019	3	5	20	橙色毛毯	wallpaper_019.name	plugin/myplugin/image/wallpaper/wallpaper_3019.png	389	389
floorBlockStore	block	1	wallpaper_020.name	myplugin/wallpaper_020	3	5	21	砂石	wallpaper_020.name	plugin/myplugin/image/wallpaper/wallpaper_3020.png	390	390
floorBlockStore	block	1	wallpaper_021.name	myplugin/wallpaper_021	3	5	22	石砖	wallpaper_021.name	plugin/myplugin/image/wallpaper/wallpaper_3021.png	391	391
floorBlockStore	block	1	wallpaper_022.name	myplugin/wallpaper_022	3	5	23	红砖	wallpaper_022.name	plugin/myplugin/image/wallpaper/wallpaper_3022.png	392	392
floorBlockStore	block	1	wallpaper_023.name	myplugin/wallpaper_023	3	10	24	宝剑	wallpaper_023.name	plugin/myplugin/image/wallpaper/wallpaper_3023.png	393	393
floorBlockStore	block	1	wallpaper_025.name	myplugin/wallpaper_025	3	10	25	彩虹小马	wallpaper_025.name	plugin/myplugin/image/wallpaper/wallpaper_3025.png	394	394
floorBlockStore	block	1	wallpaper_029.name	myplugin/wallpaper_029	3	15	26	彩虹	wallpaper_029.name	plugin/myplugin/image/wallpaper/wallpaper_3029.png	395	395
floorBlockStore	block	1	wallpaper_032.name	myplugin/wallpaper_032	3	20	27	草莓	wallpaper_032.name	plugin/myplugin/image/wallpaper/wallpaper_3032.png	396	396
floorBlockStore	block	1	wallpaper_036.name	myplugin/wallpaper_036	3	25	28	蝴蝶	wallpaper_036.name	plugin/myplugin/image/wallpaper/wallpaper_3036.png	397	397
floorBlockStore	block	1	wallpaper_040.name	myplugin/wallpaper_040	3	40	29	雪花	wallpaper_040.name	plugin/myplugin/image/wallpaper/wallpaper_3040.png	398	398
floorBlockStore	block	1	wallpaper_042.name	myplugin/wallpaper_042	3	78	30	瓷器	wallpaper_042.name	plugin/myplugin/image/wallpaper/wallpaper_3042.png	399	399
floorBlockStore	block	1	wallpaper_051.name	myplugin/wallpaper_051	3	86	31	熊猫云	wallpaper_051.name	plugin/myplugin/image/wallpaper/wallpaper_3051.png	400	400
floorBlockStore	block	1	wallpaper_060.name	myplugin/wallpaper_060	3	98	32	云彩	wallpaper_060.name	plugin/myplugin/image/wallpaper/wallpaper_3060.png	401	401
floorBlockStore	block	1	wallpaper_069.name	myplugin/wallpaper_069	3	99	33	宝石	wallpaper_069.name	plugin/myplugin/image/wallpaper/wallpaper_3069.png	402	402
floorBlockStore	block	1	wallpaper_078.name	myplugin/wallpaper_078	3	100	34	彩鳞	wallpaper_078.name	plugin/myplugin/image/wallpaper/wallpaper_3078.png	403	403
kitchenStore	entity	1	fru.fru_chairs_body_1.desc	myplugin/fru_chairs_body_1	3	15	144	洗衣机	fru.fru_chairs_body_1.name	plugin/myplugin/image/fru/fru_chairs_body_1.png	15	7
parlorStore	entity	1	fru.fru_chairs_body_2.desc	myplugin/fru_chairs_body_2	3	14	197	书桌	fru.fru_chairs_body_2.name	plugin/myplugin/image/fru/fru_chairs_body_2.png	14	7
parlorStore	entity	2	fru.fru_chairs_body_3.desc	myplugin/fru_chairs_body_3	3	10	232	木椅	fru.fru_chairs_body_3.name	plugin/myplugin/image/fru/fru_chairs_body_3.png	10	5
parlorStore	entity	3	fru.fru_chairs_body_4.desc	myplugin/fru_chairs_body_4	3	6	228	棕色沙发	fru.fru_chairs_body_4.name	plugin/myplugin/image/fru/fru_chairs_body_4.png	6	3
bedroomStore	entity	1	fru.fru_chairs_body_5.desc	myplugin/fru_chairs_body_5	3	15	144	梳妆台	fru.fru_chairs_body_5.name	plugin/myplugin/image/fru/fru_chairs_body_5.png	15	7
courtyardStore	entity	1	fru.fru_chairs_body_7.desc	myplugin/fru_chairs_body_7	3	10	140	垃圾桶	fru.fru_chairs_body_7.name	plugin/myplugin/image/fru/fru_chairs_body_7.png	10	5
courtyardStore	entity	2	fru.fru_chairs_body_8.desc	myplugin/fru_chairs_body_8	3	55	252	长椅	fru.fru_chairs_body_8.name	plugin/myplugin/image/fru/fru_chairs_body_8.png	55	27
partyStore	entity	1	fru.fru_chairs_body_9.desc	myplugin/fru_chairs_body_9	3	3	132	气球	fru.fru_chairs_body_9.name	plugin/myplugin/image/fru/fru_chairs_body_9.png	3	1
bathroomStore	entity	1	fru.fru_chairs_body_10.desc	myplugin/fru_chairs_body_10	3	20	147	洗手池	fru.fru_chairs_body_10.name	plugin/myplugin/image/fru/fru_chairs_body_10.png	20	10
kitchenStore	entity	2	fru.fru_chairs_body_11.desc	myplugin/fru_chairs_body_11	3	18	145	燃气灶	fru.fru_chairs_body_11.name	plugin/myplugin/image/fru/fru_chairs_body_11.png	18	9
courtyardStore	entity	3	fru.fru_chairs_body_12.desc	myplugin/fru_chairs_body_12	3	45	246	长木椅	fru.fru_chairs_body_12.name	plugin/myplugin/image/fru/fru_chairs_body_12.png	45	22
courtyardStore	entity	4	fru.fru_chairs_body_13.desc	myplugin/fru_chairs_body_13	3	45	246	长扶手椅	fru.fru_chairs_body_13.name	plugin/myplugin/image/fru/fru_chairs_body_13.png	45	22
parlorStore	entity	4	fru.fru_chairs_body_14.desc	myplugin/fru_chairs_body_14	3	48	248	蓝白沙发	fru.fru_chairs_body_14.name	plugin/myplugin/image/fru/fru_chairs_body_14.png	48	24
parlorStore	entity	5	fru.fru_chairs_body_15.desc	myplugin/fru_chairs_body_15	3	48	248	白色沙发	fru.fru_chairs_body_15.name	plugin/myplugin/image/fru/fru_chairs_body_15.png	48	24
parlorStore	entity	6	fru.fru_chairs_body_16.desc	myplugin/fru_chairs_body_16	3	44	244	单人蓝白沙发	fru.fru_chairs_body_16.name	plugin/myplugin/image/fru/fru_chairs_body_16.png	44	22
parlorStore	entity	7	fru.fru_chairs_body_17.desc	myplugin/fru_chairs_body_17	3	44	244	单人白色沙发	fru.fru_chairs_body_17.name	plugin/myplugin/image/fru/fru_chairs_body_17.png	44	22
parlorStore	entity	8	fru.fru_chairs_body_18.desc	myplugin/fru_chairs_body_18	3	15	234	绿色椅子	fru.fru_chairs_body_18.name	plugin/myplugin/image/fru/fru_chairs_body_18.png	15	7
bathroomStore	entity	2	fru.fru_chairs_body_19.desc	myplugin/fru_chairs_body_19	3	9	229	马桶	fru.fru_chairs_body_19.name	plugin/myplugin/image/fru/fru_chairs_body_19.png	9	4
parlorStore	entity	9	fru.fru_chairs_body_20.desc	myplugin/fru_chairs_body_20	3	18	235	格子椅	fru.fru_chairs_body_20.name	plugin/myplugin/image/fru/fru_chairs_body_20.png	18	9
parlorStore	entity	10	fru.fru_chairs_body_21.desc	myplugin/fru_chairs_body_21	3	15	234	红色椅子	fru.fru_chairs_body_21.name	plugin/myplugin/image/fru/fru_chairs_body_21.png	15	7
parlorStore	entity	11	fru.fru_chairs_body_23.desc	myplugin/fru_chairs_body_23	3	36	242	黑色沙发	fru.fru_chairs_body_23.name	plugin/myplugin/image/fru/fru_chairs_body_23.png	36	18
parlorStore	entity	12	fru.fru_chairs_body_24.desc	myplugin/fru_chairs_body_24	3	10	232	棕色椅子	fru.fru_chairs_body_24.name	plugin/myplugin/image/fru/fru_chairs_body_24.png	10	5
parlorStore	entity	13	fru.fru_chairs_body_25.desc	myplugin/fru_chairs_body_25	3	10	232	黑色椅子	fru.fru_chairs_body_25.name	plugin/myplugin/image/fru/fru_chairs_body_25.png	10	5
parlorStore	entity	14	fru.fru_chairs_body_26.desc	myplugin/fru_chairs_body_26	3	60	254	爱心沙发	fru.fru_chairs_body_26.name	plugin/myplugin/image/fru/fru_chairs_body_26.png	60	30
parlorStore	entity	15	fru.fru_chairs_body_27.desc	myplugin/fru_chairs_body_27	3	30	241	绿色长凳	fru.fru_chairs_body_27.name	plugin/myplugin/image/fru/fru_chairs_body_27.png	30	15
parlorStore	entity	16	fru.fru_chairs_body_28.desc	myplugin/fru_chairs_body_28	3	30	241	黄色长凳	fru.fru_chairs_body_28.name	plugin/myplugin/image/fru/fru_chairs_body_28.png	30	15
parlorStore	entity	17	fru.fru_chairs_body_29.desc	myplugin/fru_chairs_body_29	3	30	241	棕色长凳	fru.fru_chairs_body_29.name	plugin/myplugin/image/fru/fru_chairs_body_29.png	30	15
bedroomStore	entity	2	fru.fru_chairs_body_2001.desc	myplugin/fru_chairs_body_2001	3	6	291	欧风床头柜	fru.fru_chairs_body_2001.name	plugin/myplugin/image/fru/fru_chairs_body_2001.png	6	3
bedroomStore	entity	3	fru.fru_chairs_body_2002.desc	myplugin/fru_chairs_body_2002	3	11	294	简单柜子	fru.fru_chairs_body_2002.name	plugin/myplugin/image/fru/fru_chairs_body_2002.png	11	5
bedroomStore	entity	4	fru.fru_chairs_body_2003.desc	myplugin/fru_chairs_body_2003	3	18	297	三层抽屉柜	fru.fru_chairs_body_2003.name	plugin/myplugin/image/fru/fru_chairs_body_2003.png	18	9
bedroomStore	entity	5	fru.fru_chairs_body_2004.desc	myplugin/fru_chairs_body_2004	3	20	300	保险柜	fru.fru_chairs_body_2004.name	plugin/myplugin/image/fru/fru_chairs_body_2004.png	20	10
bedroomStore	entity	6	fru.fru_chairs_body_2006.desc	myplugin/fru_chairs_body_2006	3	21	302	白色书柜1	fru.fru_chairs_body_2006.name	plugin/myplugin/image/fru/fru_chairs_body_2006.png	21	10
bedroomStore	entity	7	fru.fru_chairs_body_2008.desc	myplugin/fru_chairs_body_2008	3	21	302	白色书柜2	fru.fru_chairs_body_2008.name	plugin/myplugin/image/fru/fru_chairs_body_2008.png	21	10
bedroomStore	entity	8	fru.fru_chairs_body_2009.desc	myplugin/fru_chairs_body_2009	3	12	296	木书柜1	fru.fru_chairs_body_2009.name	plugin/myplugin/image/fru/fru_chairs_body_2009.png	12	6
bedroomStore	entity	9	fru.fru_chairs_body_2011.desc	myplugin/fru_chairs_body_2011	3	12	296	木书柜2	fru.fru_chairs_body_2011.name	plugin/myplugin/image/fru/fru_chairs_body_2011.png	12	6
bedroomStore	entity	10	fru.fru_chairs_body_2013.desc	myplugin/fru_chairs_body_2013	3	9	293	老式衣柜	fru.fru_chairs_body_2013.name	plugin/myplugin/image/fru/fru_chairs_body_2013.png	9	4
bedroomStore	entity	11	fru.fru_chairs_body_2014.desc	myplugin/fru_chairs_body_2014	3	9	293	衣柜	fru.fru_chairs_body_2014.name	plugin/myplugin/image/fru/fru_chairs_body_2014.png	9	4
bedroomStore	entity	12	fru.fru_chairs_body_2015.desc	myplugin/fru_chairs_body_2015	3	33	305	黑色大衣柜	fru.fru_chairs_body_2015.name	plugin/myplugin/image/fru/fru_chairs_body_2015.png	33	16
bedroomStore	entity	13	fru.fru_chairs_body_2016.desc	myplugin/fru_chairs_body_2016	3	27	304	棕色衣柜	fru.fru_chairs_body_2016.name	plugin/myplugin/image/fru/fru_chairs_body_2016.png	27	13
bedroomStore	entity	14	fru.fru_chairs_body_2017.desc	myplugin/fru_chairs_body_2017	3	27	304	黑色衣柜	fru.fru_chairs_body_2017.name	plugin/myplugin/image/fru/fru_chairs_body_2017.png	27	13
bedroomStore	entity	15	fru.fru_chairs_body_2018.desc	myplugin/fru_chairs_body_2018	3	42	306	白色大衣柜	fru.fru_chairs_body_2018.name	plugin/myplugin/image/fru/fru_chairs_body_2018.png	42	21
partyStore	entity	2	fru.fru_chairs_body_2022.desc	myplugin/fru_chairs_body_2022	3	39	356	音响	fru.fru_chairs_body_2022.name	plugin/myplugin/image/fru/fru_chairs_body_2022.png	39	19
bedroomStore	entity	16	fru.fru_chairs_body_2023.desc	myplugin/fru_chairs_body_2023	3	15	144	空调	fru.fru_chairs_body_2023.name	plugin/myplugin/image/fru/fru_chairs_body_2023.png	15	7
kitchenStore	entity	3	fru.fru_chairs_body_2024.desc	myplugin/fru_chairs_body_2024	3	29	150	蓝光洗衣机	fru.fru_chairs_body_2024.name	plugin/myplugin/image/fru/fru_chairs_body_2024.png	29	14
parlorStore	entity	18	fru.fru_chairs_body_2025.desc	myplugin/fru_chairs_body_2025	3	8	195	木质矮几	fru.fru_chairs_body_2025.name	plugin/myplugin/image/fru/fru_chairs_body_2025.png	8	4
parlorStore	entity	19	fru.fru_chairs_body_2026.desc	myplugin/fru_chairs_body_2026	3	12	196	白矮柜	fru.fru_chairs_body_2026.name	plugin/myplugin/image/fru/fru_chairs_body_2026.png	12	6
parlorStore	entity	20	fru.fru_chairs_body_2027.desc	myplugin/fru_chairs_body_2027	3	18	199	白矮几	fru.fru_chairs_body_2027.name	plugin/myplugin/image/fru/fru_chairs_body_2027.png	18	9
bedroomStore	entity	17	fru.fru_chairs_body_2029.desc	myplugin/fru_chairs_body_2029	3	40	201	淡紫色办公桌	fru.fru_chairs_body_2029.name	plugin/myplugin/image/fru/fru_chairs_body_2029.png	40	20
bedroomStore	entity	18	fru.fru_chairs_body_2030.desc	myplugin/fru_chairs_body_2030	3	68	204	黑白办公桌	fru.fru_chairs_body_2030.name	plugin/myplugin/image/fru/fru_chairs_body_2030.png	68	34
parlorStore	entity	21	fru.fru_chairs3_body_2034.desc	myplugin/fru_chairs3_body_2034	3	39	403	电视机	fru.fru_chairs3_body_2034.name	plugin/myplugin/image/fru/fru_chairs3_body_2034.png	39	19
parlorStore	entity	22	fru.fru_chairs_body_2038.desc	myplugin/fru_chairs_body_2038	3	6	194	木方桌	fru.fru_chairs_body_2038.name	plugin/myplugin/image/fru/fru_chairs_body_2038.png	6	3
parlorStore	entity	23	fru.fru_chairs_body_2040.desc	myplugin/fru_chairs_body_2040	3	16	198	黑白方桌	fru.fru_chairs_body_2040.name	plugin/myplugin/image/fru/fru_chairs_body_2040.png	16	8
bedroomStore	entity	19	fru.fru_chairs_body_2045.desc	myplugin/fru_chairs_body_2045	3	45	406	白落地灯	fru.fru_chairs_body_2045.name	plugin/myplugin/image/fru/fru_chairs_body_2045.png	45	22
bedroomStore	entity	20	fru.fru_chairs_body_2046.desc	myplugin/fru_chairs_body_2046	3	45	406	蓝落地灯	fru.fru_chairs_body_2046.name	plugin/myplugin/image/fru/fru_chairs_body_2046.png	45	22
bedroomStore	entity	21	fru.fru_chairs_body_2047.desc	myplugin/fru_chairs_body_2047	3	45	406	黑落地灯	fru.fru_chairs_body_2047.name	plugin/myplugin/image/fru/fru_chairs_body_2047.png	45	22
parlorStore	entity	24	fru.fru_chairs2_body_2048.desc	myplugin/fru_chairs2_body_2048	3	18	401	电风扇	fru.fru_chairs2_body_2048.name	plugin/myplugin/image/fru/fru_chairs2_body_2048.png	18	9
courtyardStore	entity	5	fru.fru_chairs_body_2049.desc	myplugin/fru_chairs_body_2049	3	8	135	铁晾衣架	fru.fru_chairs_body_2049.name	plugin/myplugin/image/fru/fru_chairs_body_2049.png	8	4
courtyardStore	entity	6	fru.fru_chairs_body_2050.desc	myplugin/fru_chairs_body_2050	3	8	135	木晾衣架	fru.fru_chairs_body_2050.name	plugin/myplugin/image/fru/fru_chairs_body_2050.png	8	4
bedroomStore	entity	22	fru.fru_chairs_body_2051.desc	myplugin/fru_chairs_body_2051	3	19	455	黄色双人床	fru.fru_chairs_body_2051.name	plugin/myplugin/image/fru/fru_chairs_body_2051.png	19	9
bedroomStore	entity	23	fru.fru_chairs_body_2052.desc	myplugin/fru_chairs_body_2052	3	19	455	蓝色双人床	fru.fru_chairs_body_2052.name	plugin/myplugin/image/fru/fru_chairs_body_2052.png	19	9
bedroomStore	entity	24	fru.fru_chairs_body_2053.desc	myplugin/fru_chairs_body_2053	3	19	455	灰色双人床	fru.fru_chairs_body_2053.name	plugin/myplugin/image/fru/fru_chairs_body_2053.png	19	9
courtyardStore	entity	7	fru.fru_chess_body_11.desc	myplugin/fru_chess_body_11	3	25	166	黑王	fru.fru_chess_body_11.name	plugin/myplugin/image/fru/fru_chess_body_11.png	25	12
courtyardStore	entity	8	fru.fru_chess_body_12.desc	myplugin/fru_chess_body_12	3	25	166	黑皇后	fru.fru_chess_body_12.name	plugin/myplugin/image/fru/fru_chess_body_12.png	25	12
courtyardStore	entity	9	fru.fru_chess_body_13.desc	myplugin/fru_chess_body_13	3	15	162	黑主教	fru.fru_chess_body_13.name	plugin/myplugin/image/fru/fru_chess_body_13.png	15	7
courtyardStore	entity	10	fru.fru_chess_body_14.desc	myplugin/fru_chess_body_14	3	15	162	黑车	fru.fru_chess_body_14.name	plugin/myplugin/image/fru/fru_chess_body_14.png	15	7
courtyardStore	entity	11	fru.fru_chess_body_15.desc	myplugin/fru_chess_body_15	3	15	162	黑骑士	fru.fru_chess_body_15.name	plugin/myplugin/image/fru/fru_chess_body_15.png	15	7
courtyardStore	entity	12	fru.fru_chess_body_16.desc	myplugin/fru_chess_body_16	3	12	156	黑兵	fru.fru_chess_body_16.name	plugin/myplugin/image/fru/fru_chess_body_16.png	12	6
courtyardStore	entity	13	fru.fru_chess_body_21.desc	myplugin/fru_chess_body_21	3	25	166	白木王	fru.fru_chess_body_21.name	plugin/myplugin/image/fru/fru_chess_body_21.png	25	12
courtyardStore	entity	14	fru.fru_chess_body_22.desc	myplugin/fru_chess_body_22	3	25	166	白木皇后	fru.fru_chess_body_22.name	plugin/myplugin/image/fru/fru_chess_body_22.png	25	12
courtyardStore	entity	15	fru.fru_chess_body_23.desc	myplugin/fru_chess_body_23	3	15	162	白木主教	fru.fru_chess_body_23.name	plugin/myplugin/image/fru/fru_chess_body_23.png	15	7
courtyardStore	entity	16	fru.fru_chess_body_24.desc	myplugin/fru_chess_body_24	3	15	162	白木车	fru.fru_chess_body_24.name	plugin/myplugin/image/fru/fru_chess_body_24.png	15	7
courtyardStore	entity	17	fru.fru_chess_body_25.desc	myplugin/fru_chess_body_25	3	15	162	白木骑士	fru.fru_chess_body_25.name	plugin/myplugin/image/fru/fru_chess_body_25.png	15	7
courtyardStore	entity	18	fru.fru_chess_body_26.desc	myplugin/fru_chess_body_26	3	12	156	白木兵	fru.fru_chess_body_26.name	plugin/myplugin/image/fru/fru_chess_body_26.png	12	6
courtyardStore	entity	19	fru.fru_qiaoqiaoban_body_1.desc	myplugin/fru_qiaoqiaoban_body_1	3	500	506	跷跷板	fru.fru_qiaoqiaoban_body_1.name	plugin/myplugin/image/fru/fru_qiaoqiaoban_body_1.png	500	250
courtyardStore	entity	20	fru.fru_qiuqian_body_1.desc	myplugin/fru_qiuqian_body_1	3	325	503	秋千	fru.fru_qiuqian_body_1.name	plugin/myplugin/image/fru/fru_qiuqian_body_1.png	325	162
bathroomStore	entity	3	fru.fru_chairs4_body_1.desc	myplugin/fru_chairs4_body_1	3	19	200	小浴缸	fru.fru_chairs4_body_1.name	plugin/myplugin/image/fru/fru_chairs4_body_1.png	19	9
bathroomStore	entity	4	fru.fru_chairs4_body_2.desc	myplugin/fru_chairs4_body_2	3	49	203	四人浴缸	fru.fru_chairs4_body_2.name	plugin/myplugin/image/fru/fru_chairs4_body_2.png	49	24
bedroomStore	entity	25	fru.fru_chairs4_body_3.desc	myplugin/fru_chairs4_body_3	3	5	451	婴儿床	fru.fru_chairs4_body_3.name	plugin/myplugin/image/fru/fru_chairs4_body_3.png	5	2
bedroomStore	entity	26	fru.fru_chairs4_body_4.desc	myplugin/fru_chairs4_body_4	3	19	455	木婴儿床	fru.fru_chairs4_body_4.name	plugin/myplugin/image/fru/fru_chairs4_body_4.png	19	9
bedroomStore	entity	27	fru.fru_chairs4_body_5.desc	myplugin/fru_chairs4_body_5	3	399	456	王冠婴儿床	fru.fru_chairs4_body_5.name	plugin/myplugin/image/fru/fru_chairs4_body_5.png	399	199
partyStore	entity	3	fru.fru_chairs4_body_6.desc	myplugin/fru_chairs4_body_6	3	240	155	橘色广播	fru.fru_chairs4_body_6.name	plugin/myplugin/image/fru/fru_chairs4_body_6.png	240	120
partyStore	entity	4	fru.fru_chairs4_body_7.desc	myplugin/fru_chairs4_body_7	3	100	154	收银箱	fru.fru_chairs4_body_7.name	plugin/myplugin/image/fru/fru_chairs4_body_7.png	100	50
partyStore	entity	5	fru.fru_discoball_body_1.desc	myplugin/fru_discoball_body_1	3	15	400	莫斯科球	fru.fru_discoball_body_1.name	plugin/myplugin/image/fru/fru_discoball_body_1.png	15	7
partyStore	entity	6	fru.fru_chairs4_body_9.desc	myplugin/fru_chairs4_body_9	3	50	755	人数牌	fru.fru_chairs4_body_9.name	plugin/myplugin/image/fru/fru_chairs4_body_9.png	50	25
kitchenStore	entity	4	fru.fru_chairs4_body_11.desc	myplugin/fru_chairs4_body_11	3	500	556	榨汁机	fru.fru_chairs4_body_11.name	plugin/myplugin/image/fru/fru_chairs4_body_11.png	500	250
kitchenStore	entity	5	fru.fru_chairs4_body_12.desc	myplugin/fru_chairs4_body_12	3	200	553	新微波炉	fru.fru_chairs4_body_12.name	plugin/myplugin/image/fru/fru_chairs4_body_12.png	200	100
kitchenStore	entity	6	fru.fru_chairs4_body_13.desc	myplugin/fru_chairs4_body_13	3	200	553	柜式烤箱	fru.fru_chairs4_body_13.name	plugin/myplugin/image/fru/fru_chairs4_body_13.png	200	100
kitchenStore	entity	7	fru.fru_chairs4_body_14.desc	myplugin/fru_chairs4_body_14	3	240	555	披萨烤箱	fru.fru_chairs4_body_14.name	plugin/myplugin/image/fru/fru_chairs4_body_14.png	240	120
kitchenStore	entity	8	fru.fru_chairs4_body_15.desc	myplugin/fru_chairs4_body_15	3	180	551	小微波炉	fru.fru_chairs4_body_15.name	plugin/myplugin/image/fru/fru_chairs4_body_15.png	180	90
kitchenStore	entity	9	fru.fru_chairs4_body_16.desc	myplugin/fru_chairs4_body_16	3	240	555	冰箱	fru.fru_chairs4_body_16.name	plugin/myplugin/image/fru/fru_chairs4_body_16.png	240	120
partyStore	entity	7	fru.fru_chairs4_body_17.desc	myplugin/fru_chairs4_body_17	3	100	756	紫色人数牌	fru.fru_chairs4_body_17.name	plugin/myplugin/image/fru/fru_chairs4_body_17.png	100	50
parlorStore	entity	25	fru.fru_chairs4_body_18.desc	myplugin/fru_chairs4_body_18	3	50	250	蘑菇凳	fru.fru_chairs4_body_18.name	plugin/myplugin/image/fru/fru_chairs4_body_18.png	50	25
parlorStore	entity	26	fru.fru_chairs4_body_19.desc	myplugin/fru_chairs4_body_19	3	50	250	呱太凳	fru.fru_chairs4_body_19.name	plugin/myplugin/image/fru/fru_chairs4_body_19.png	50	25
partyStore	entity	8	fru.fru_chairs4_body_20.desc	myplugin/fru_chairs4_body_20	3	39	356	红色音响	fru.fru_chairs4_body_20.name	plugin/myplugin/image/fru/fru_chairs4_body_20.png	39	19
parlorStore	entity	27	fru.fru_chairs4_body_21.desc	myplugin/fru_chairs4_body_21	3	12	605	岩浆地毯	fru.fru_chairs4_body_21.name	plugin/myplugin/image/fru/fru_chairs4_body_21.png	12	6
parlorStore	entity	28	fru.fru_chairs4_body_22.desc	myplugin/fru_chairs4_body_22	3	8	654	0型栅栏	fru.fru_chairs4_body_22.name	plugin/myplugin/image/fru/fru_chairs4_body_22.png	8	4
parlorStore	entity	29	fru.fru_chairs4_body_23.desc	myplugin/fru_chairs4_body_23	3	8	654	蓝玻璃栅栏	fru.fru_chairs4_body_23.name	plugin/myplugin/image/fru/fru_chairs4_body_23.png	8	4
parlorStore	entity	30	fru.fru_chairs4_body_24.desc	myplugin/fru_chairs4_body_24	3	85	656	蓝玻璃屏风	fru.fru_chairs4_body_24.name	plugin/myplugin/image/fru/fru_chairs4_body_24.png	85	42
parlorStore	entity	31	fru.fru_chairs4_body_25.desc	myplugin/fru_chairs4_body_25	3	23	606	蓝色地毯	fru.fru_chairs4_body_25.name	plugin/myplugin/image/fru/fru_chairs4_body_25.png	23	11
parlorStore	entity	32	fru.fru_chairs4_body_26.desc	myplugin/fru_chairs4_body_26	3	10	655	红树栅栏	fru.fru_chairs4_body_26.name	plugin/myplugin/image/fru/fru_chairs4_body_26.png	10	5
parlorStore	entity	33	fru.fru_chairs4_body_27.desc	myplugin/fru_chairs4_body_27	3	60	254	棕色转角沙发	fru.fru_chairs4_body_27.name	plugin/myplugin/image/fru/fru_chairs4_body_27.png	60	30
parlorStore	entity	34	fru.fru_chairs4_body_28.desc	myplugin/fru_chairs4_body_28	3	55	252	棕色长沙发	fru.fru_chairs4_body_28.name	plugin/myplugin/image/fru/fru_chairs4_body_28.png	55	27
bathroomStore	entity	5	fru.fru_chairs4_body_29.desc	myplugin/fru_chairs4_body_29	3	200	256	智能厕所	fru.fru_chairs4_body_29.name	plugin/myplugin/image/fru/fru_chairs4_body_29.png	200	100
parlorStore	entity	35	fru.fru_chairs4_body_30.desc	myplugin/fru_chairs4_body_30	3	6	604	x地毯	fru.fru_chairs4_body_30.name	plugin/myplugin/image/fru/fru_chairs4_body_30.png	6	3
partyStore	entity	9	fru.fru_chairs4_body_31.desc	myplugin/fru_chairs4_body_31	3	29	238	黑吧凳	fru.fru_chairs4_body_31.name	plugin/myplugin/image/fru/fru_chairs4_body_31.png	29	14
partyStore	entity	10	fru.fru_chairs4_body_32.desc	myplugin/fru_chairs4_body_32	3	29	238	棕吧凳	fru.fru_chairs4_body_32.name	plugin/myplugin/image/fru/fru_chairs4_body_32.png	29	14
parlorStore	entity	36	fru.fru_chairs4_body_33.desc	myplugin/fru_chairs4_body_33	3	42	202	卷卷茶几	fru.fru_chairs4_body_33.name	plugin/myplugin/image/fru/fru_chairs4_body_33.png	42	21
partyStore	entity	11	fru.fru_chairs4_body_34.desc	myplugin/fru_chairs4_body_34	3	85	206	黑吧桌	fru.fru_chairs4_body_34.name	plugin/myplugin/image/fru/fru_chairs4_body_34.png	85	42
partyStore	entity	12	fru.fru_chairs4_body_35.desc	myplugin/fru_chairs4_body_35	3	85	206	棕色长吧桌	fru.fru_chairs4_body_35.name	plugin/myplugin/image/fru/fru_chairs4_body_35.png	85	42
parlorStore	entity	37	fru.fru_chairs4_body_36.desc	myplugin/fru_chairs4_body_36	3	5	704	小盆栽	fru.fru_chairs4_body_36.name	plugin/myplugin/image/fru/fru_chairs4_body_36.png	5	2
kitchenStore	entity	10	fru.fru_food_food_apple.desc	myplugin/fru_food_food_apple	0	12	550	苹果	fru.fru_food_food_apple.name	plugin/myplugin/image/fru/fru_food_food_apple.png	48	24
kitchenStore	entity	11	fru.fru_food_food_burger.desc	myplugin/fru_food_food_burger	0	12	550	汉堡	fru.fru_food_food_burger.name	plugin/myplugin/image/fru/fru_food_food_burger.png	48	24
kitchenStore	entity	12	fru.fru_food_drink_tea.desc	myplugin/fru_food_drink_tea	0	12	550	茶	fru.fru_food_drink_tea.name	plugin/myplugin/image/fru/fru_food_drink_tea.png	48	24
kitchenStore	entity	13	fru.fru_food_drink_coke.desc	myplugin/fru_food_drink_coke	0	12	550	可乐	fru.fru_food_drink_coke.name	plugin/myplugin/image/fru/fru_food_drink_coke.png	48	24
kitchenStore	entity	14	fru.fru_food_food_cookie.desc	myplugin/fru_food_food_cookie	0	12	550	饼干	fru.fru_food_food_cookie.name	plugin/myplugin/image/fru/fru_food_food_cookie.png	48	24
kitchenStore	entity	15	fru.fru_food_drink_juice.desc	myplugin/fru_food_drink_juice	0	12	550	果汁	fru.fru_food_drink_juice.name	plugin/myplugin/image/fru/fru_food_drink_juice.png	48	24
kitchenStore	entity	16	fru.fru_food_drink_milk.desc	myplugin/fru_food_drink_milk	0	12	550	牛奶	fru.fru_food_drink_milk.name	plugin/myplugin/image/fru/fru_food_drink_milk.png	48	24
kitchenStore	entity	17	fru.fru_food_food_pizza.desc	myplugin/fru_food_food_pizza	0	12	550	披萨	fru.fru_food_food_pizza.name	plugin/myplugin/image/fru/fru_food_food_pizza.png	48	24
kitchenStore	entity	18	fru.fru_food_food_lolipop1.desc	myplugin/fru_food_food_lolipop1	0	12	550	棒棒糖	fru.fru_food_food_lolipop1.name	plugin/myplugin/image/fru/fru_food_food_lolipop1.png	48	24
kitchenStore	entity	19	fru.fru_food_food_lolipop2.desc	myplugin/fru_food_food_lolipop2	0	12	550	棒棒糖	fru.fru_food_food_lolipop2.name	plugin/myplugin/image/fru/fru_food_food_lolipop2.png	48	24
kitchenStore	entity	20	fru.fru_food_food_rainbow_lolipop1.desc	myplugin/fru_food_food_rainbow_lolipop1	0	12	550	彩虹棒棒糖	fru.fru_food_food_rainbow_lolipop1.name	plugin/myplugin/image/fru/fru_food_food_rainbow_lolipop1.png	48	24
kitchenStore	entity	21	fru.fru_food_food_rainbow_lolipop2.desc	myplugin/fru_food_food_rainbow_lolipop2	0	12	550	彩虹棒棒糖	fru.fru_food_food_rainbow_lolipop2.name	plugin/myplugin/image/fru/fru_food_food_rainbow_lolipop2.png	48	24
kitchenStore	entity	22	fru.fru_food_food_apple_lolipop1.desc	myplugin/fru_food_food_apple_lolipop1	0	12	550	苹果棒棒糖	fru.fru_food_food_apple_lolipop1.name	plugin/myplugin/image/fru/fru_food_food_apple_lolipop1.png	48	24
kitchenStore	entity	23	fru.fru_food_food_apple_lolipop2.desc	myplugin/fru_food_food_apple_lolipop2	0	12	550	苹果棒棒糖	fru.fru_food_food_apple_lolipop2.name	plugin/myplugin/image/fru/fru_food_food_apple_lolipop2.png	48	24
partyStore	entity	13	fru.fru_change_body_1.desc	myplugin/fru_change_body_1	3	2000	1155	转换器	fru.fru_change_body_1.name	plugin/myplugin/image/fru/fru_change_body_1.png	2000	1000
partyStore	entity	14	fru.fru_blackboard_body_2.desc	myplugin/fru_blackboard_body_2	3	21	148	黑板2	fru.fru_blackboard_body_2.name	plugin/myplugin/image/fru/fru_blackboard_body_2.png	21	10
partyStore	entity	15	fru.fru_blackboard_body_3.desc	myplugin/fru_blackboard_body_3	3	25	149	黑板3	fru.fru_blackboard_body_3.name	plugin/myplugin/image/fru/fru_blackboard_body_3.png	25	12
parlorStore	entity	38	fru.fru_chairs4_body_39.desc	myplugin/fru_chairs4_body_39	3	6	194	餐桌	fru.fru_chairs4_body_39.name	plugin/myplugin/image/fru/fru_chairs4_body_39.png	6	3
parlorStore	entity	39	fru.fru_chairs4_body_40.desc	myplugin/fru_chairs4_body_40	3	30	706	盆栽紫花	fru.fru_chairs4_body_40.name	plugin/myplugin/image/fru/fru_chairs4_body_40.png	30	15
courtyardStore	entity	21	fru.fru_chairs4_body_41.desc	myplugin/fru_chairs4_body_41	3	13	141	木桶	fru.fru_chairs4_body_41.name	plugin/myplugin/image/fru/fru_chairs4_body_41.png	13	6
courtyardStore	entity	22	fru.fru_chairs_body_33.desc	myplugin/fru_chairs_body_33	3	20	147	画架	fru.fru_chairs_body_33.name	plugin/myplugin/image/fru/fru_chairs_body_33.png	20	10
partyStore	entity	16	fru.fru_chairs4_body_42.desc	myplugin/fru_chairs4_body_42	3	29	238	蓝吧凳	fru.fru_chairs4_body_42.name	plugin/myplugin/image/fru/fru_chairs4_body_42.png	29	14
courtyardStore	entity	23	fru.fru_chairs4_body_43.desc	myplugin/fru_chairs4_body_43	3	88	255	桌凳	fru.fru_chairs4_body_43.name	plugin/myplugin/image/fru/fru_chairs4_body_43.png	88	44
courtyardStore	entity	24	fru.fru_qiaoqiaoban2_body_1.desc	myplugin/fru_qiaoqiaoban2_body_1	3	500	506	跷跷板2	fru.fru_qiaoqiaoban2_body_1.name	plugin/myplugin/image/fru/fru_qiaoqiaoban2_body_1.png	500	250
courtyardStore	entity	25	fru.fru_qiaoqiaoban2_body_2.desc	myplugin/fru_qiaoqiaoban2_body_2	3	500	506	跷跷板3	fru.fru_qiaoqiaoban2_body_2.name	plugin/myplugin/image/fru/fru_qiaoqiaoban2_body_2.png	500	250
partyStore	entity	17	fru.fru_chairs5_body_1.desc	myplugin/fru_chairs5_body_1	3	20	402	射灯	fru.fru_chairs5_body_1.name	plugin/myplugin/image/fru/fru_chairs5_body_1.png	20	10
parlorStore	entity	40	fru.fru_chairs4_body_44.desc	myplugin/fru_chairs4_body_44	3	10	705	圣诞盆栽	fru.fru_chairs4_body_44.name	plugin/myplugin/image/fru/fru_chairs4_body_44.png	10	5
parlorStore	entity	41	fru.fru_chairs4_body_45.desc	myplugin/fru_chairs4_body_45	3	20	756	开纸盒	fru.fru_chairs4_body_45.name	plugin/myplugin/image/fru/fru_chairs4_body_45.png	20	10
parlorStore	entity	42	fru.fru_chairs4_body_46.desc	myplugin/fru_chairs4_body_46	3	10	755	中纸盒	fru.fru_chairs4_body_46.name	plugin/myplugin/image/fru/fru_chairs4_body_46.png	10	5
parlorStore	entity	43	fru.fru_chairs4_body_47.desc	myplugin/fru_chairs4_body_47	3	10	755	关闭纸盒	fru.fru_chairs4_body_47.name	plugin/myplugin/image/fru/fru_chairs4_body_47.png	10	5
parlorStore	entity	44	fru.fru_chairs4_body_48.desc	myplugin/fru_chairs4_body_48	3	10	140	斜糖果棒	fru.fru_chairs4_body_48.name	plugin/myplugin/image/fru/fru_chairs4_body_48.png	10	5
parlorStore	entity	45	fru.fru_chairs4_body_49.desc	myplugin/fru_chairs4_body_49	3	10	140	直糖果棒	fru.fru_chairs4_body_49.name	plugin/myplugin/image/fru/fru_chairs4_body_49.png	10	5
bedroomStore	entity	28	fru.fru_chairs4_body_50.desc	myplugin/fru_chairs4_body_50	3	20	300	木床头柜	fru.fru_chairs4_body_50.name	plugin/myplugin/image/fru/fru_chairs4_body_50.png	20	10
bedroomStore	entity	29	fru.fru_chairs4_body_51.desc	myplugin/fru_chairs4_body_51	3	20	300	木书柜	fru.fru_chairs4_body_51.name	plugin/myplugin/image/fru/fru_chairs4_body_51.png	20	10
partyStore	entity	18	fru.fru_chairs4_body_52.desc	myplugin/fru_chairs4_body_52	3	10	140	礼物盒	fru.fru_chairs4_body_52.name	plugin/myplugin/image/fru/fru_chairs4_body_52.png	10	5
bedroomStore	entity	30	fru.fru_chairs4_body_53.desc	myplugin/fru_chairs4_body_53	3	30	151	手提电脑	fru.fru_chairs4_body_53.name	plugin/myplugin/image/fru/fru_chairs4_body_53.png	30	15
parlorStore	entity	46	fru.fru_chairs4_body_56.desc	myplugin/fru_chairs4_body_56	3	6	133	陶罐	fru.fru_chairs4_body_56.name	plugin/myplugin/image/fru/fru_chairs4_body_56.png	6	3
bedroomStore	entity	31	fru.fru_chairs4_body_60.desc	myplugin/fru_chairs4_body_60	3	210	307	魔法转角柜	fru.fru_chairs4_body_60.name	plugin/myplugin/image/fru/fru_chairs4_body_60.png	210	105
partyStore	entity	19	fru.fru_dancingblanket_body_1.desc	myplugin/fru_dancingblanket_body_1	3	300	500	跳舞毯	fru.fru_dancingblanket_body_1.name	plugin/myplugin/image/fru/fru_dancingblanket_body_1.png	300	150
